{"schema":6,"addons":[{"id":"langpack-en-US@firefox.mozilla.org","icons":{"32":"https://addons.mozilla.org/static-server/img/addon-icons/default-32.2b26add4b394.png","64":"https://addons.mozilla.org/static-server/img/addon-icons/default-64.d144b50f2bb8.png","128":"https://addons.mozilla.org/static-server/img/addon-icons/default-128.452018499894.png"},"name":"Language: English (US)","version":"116.0.20230709.175949","sourceURI":"https://addons.mozilla.org/firefox/downloads/file/4136218/english_us_language_pack-116.0.20230709.175949.xpi","homepageURL":null,"supportURL":null,"description":"Firefox Language Pack for English (US) (en-US)","fullDescription":null,"weeklyDownloads":1642,"type":"locale","creator":{"name":"Mozilla Firefox","url":"https://addons.mozilla.org/en-US/firefox/user/4757633/"},"developers":[],"screenshots":[],"contributionURL":"","averageRating":4.1654,"reviewCount":125,"reviewURL":"https://addons.mozilla.org/en-US/firefox/addon/english-us-language-pack/reviews/","updateDate":1688938102000}]}