{"abouthome-startup-cache-5":{"slug":"abouthome-startup-cache-5","branch":{"slug":"treatment-a","ratio":1,"feature":{"value":{},"enabled":false,"featureId":"this-is-included-for-desktop-pre-95-support"},"features":[{"value":{"enabled":true},"enabled":true,"featureId":"abouthomecache"}]},"active":true,"enrollmentId":"b12168e7-b35d-41c7-b74a-75dbfd7086df","experimentType":"nimbus","source":"rs-loader","userFacingName":"about:home startup cache 5","userFacingDescription":"The about:home startup cache tries to make loading the default homepage in Firefox faster after it first starts.","lastSeen":"2023-07-09T22:45:53.965Z","featureIds":["abouthomecache"],"prefs":[],"isRollout":false},"def-en-fox-doodle-set-to-default-early-day-graphics":{"slug":"def-en-fox-doodle-set-to-default-early-day-graphics","branch":{"slug":"treatment-b","ratio":1,"feature":{"value":{},"enabled":false,"featureId":"this-is-included-for-desktop-pre-95-support"},"features":[{"value":{"id":"set-to-default-early-days-graphics:treatment-b","groups":["eco"],"content":{"id":"set-to-default-early-days-graphics:treatment-b","modal":"tab","screens":[{"id":"PIN_TO_TASKBAR","content":{"logo":{"height":"140px","imageURL":"https://firefox-settings-attachments.cdn.mozilla.net/main-workspace/ms-images/502ff027-dc92-45ae-8a33-c262d9255b92.png","reducedMotionImageURL":"https://firefox-settings-attachments.cdn.mozilla.net/main-workspace/ms-images/502ff027-dc92-45ae-8a33-c262d9255b92.png"},"title":{"raw":{"$l10n":{"id":"fox-doodle-campfire-title","text":"Open source. Open minds.","comment":"This title plays on the repetition of open, and that might not work if your locale doesn't translate 'Open source'. You have the option to keep this string in English, if you think it can be easily understood and work well as a slogan, or use an alternative as a reference for translation: 'Support people over profits'."}},"fontSize":"22px","fontWeight":590,"paddingBlock":"4px 0","letterSpacing":0,"paddingInline":"24px"},"subtitle":{"raw":{"$l10n":{"id":"fox-doodle-campfire-subtitle","text":"You’re one click away from supporting the only non-profit-backed, people-first browser made for everyone, everywhere.","comment":""}},"fontSize":"15px","lineHeight":"1.4","marginBlock":"8px 16px","letterSpacing":0,"paddingInline":"24px"},"dismiss_button":{"action":{"navigate":true}},"primary_button":{"label":{"raw":{"$l10n":{"id":"ffox-doodle-set-default-campfire-primary-button-label","text":"Open my links with Firefox","comment":""}},"marginBlock":"4px 0","paddingBlock":"0","paddingInline":"16px"},"action":{"type":"SET_DEFAULT_BROWSER","navigate":true}},"secondary_button":{"label":{"raw":{"$l10n":{"id":"fox-doodle-campfire-secondary-button-label","text":"Not now","comment":""}},"marginBlock":"0 -20px"},"action":{"navigate":true}}}}],"backdrop":"transparent","template":"multistage","transitions":true},"trigger":{"id":"defaultBrowserCheck"},"priority":1,"template":"spotlight","frequency":{"custom":[{"cap":1,"period":2419200000}],"lifetime":1},"targeting":"source == 'startup' && !willShowDefaultPrompt && !isMajorUpgrade && !activeNotifications && (currentDate|date - profileAgeCreated) / 86400000 >= 1 && previousSessionEnd > 0 && !isDefaultBrowser"},"enabled":true,"featureId":"fxms-message-3"}]},"active":true,"enrollmentId":"943362a5-dd8c-42a2-adf9-1e4c271e301d","experimentType":"nimbus","source":"rs-loader","userFacingName":"def EN Fox Doodle Set to default: Early day - Graphics","userFacingDescription":"This experiment displays a spotlight asking new Firefox users if they'd like to set Firefox as their default browser.","lastSeen":"2023-07-09T22:45:54.164Z","featureIds":["fxms-message-3"],"prefs":[],"localizations":{"en-CA":{"fox-doodle-driving-title":"Give Firefox a proper test drive","fox-doodle-campfire-title":"Open source. Open minds.","fox-doodle-trackers-title":"Keep pesky trackers off your tail","fox-doodle-driving-subtitle":"For peak performance, keep your new favorite indie browser one click away while you take it for a spin.","fox-doodle-campfire-subtitle":"You’re one click away from supporting the only non-profit-backed, people-first browser made for everyone, everywhere.","fox-doodle-trackers-subtitle":"Say goodbye to annoying ad trackers and settle into a safer, speedy internet experience.","fox-doodle-driving-secondary-button-label":"Not now","fox-doodle-campfire-secondary-button-label":"Not now","fox-doodle-trackers-secondary-button-label":"Not now","fox-doodle-set-default-driving-primary-button-label":"Open my links with Firefox","fox-doodle-set-default-trackers-primary-button-label":"Open my links with Firefox","ffox-doodle-set-default-campfire-primary-button-label":"Open my links with Firefox"},"en-GB":{"fox-doodle-driving-title":"Give Firefox a proper test drive","fox-doodle-campfire-title":"Open source. Open minds.","fox-doodle-trackers-title":"Keep pesky trackers off your tail","fox-doodle-driving-subtitle":"For peak performance, keep your new favorite indie browser one click away while you take it for a spin.","fox-doodle-campfire-subtitle":"You’re one click away from supporting the only non-profit-backed, people-first browser made for everyone, everywhere.","fox-doodle-trackers-subtitle":"Say goodbye to annoying ad trackers and settle into a safer, speedy internet experience.","fox-doodle-driving-secondary-button-label":"Not now","fox-doodle-campfire-secondary-button-label":"Not now","fox-doodle-trackers-secondary-button-label":"Not now","fox-doodle-set-default-driving-primary-button-label":"Open my links with Firefox","fox-doodle-set-default-trackers-primary-button-label":"Open my links with Firefox","ffox-doodle-set-default-campfire-primary-button-label":"Open my links with Firefox"},"en-US":{"fox-doodle-driving-title":"Give Firefox a proper test drive","fox-doodle-campfire-title":"Open source. Open minds.","fox-doodle-trackers-title":"Keep pesky trackers off your tail","fox-doodle-driving-subtitle":"For peak performance, keep your new favorite indie browser one click away while you take it for a spin.","fox-doodle-campfire-subtitle":"You’re one click away from supporting the only non-profit-backed, people-first browser made for everyone, everywhere.","fox-doodle-trackers-subtitle":"Say goodbye to annoying ad trackers and settle into a safer, speedy internet experience.","fox-doodle-driving-secondary-button-label":"Not now","fox-doodle-campfire-secondary-button-label":"Not now","fox-doodle-trackers-secondary-button-label":"Not now","fox-doodle-set-default-driving-primary-button-label":"Open my links with Firefox","fox-doodle-set-default-trackers-primary-button-label":"Open my links with Firefox","ffox-doodle-set-default-campfire-primary-button-label":"Open my links with Firefox"}},"isRollout":false},"firefox-accounts-toolbar-button-badge":{"slug":"firefox-accounts-toolbar-button-badge","branch":{"slug":"control","ratio":1,"feature":{"value":{},"enabled":false,"featureId":"this-is-included-for-desktop-pre-95-support"},"features":[{"value":{"id":"FXA_ACCOUNTS_BADGE","content":{"delay":10000,"target":"fxa-toolbar-menu-button"},"trigger":{"id":"toolbarBadgeUpdate"},"template":"toolbar_badge","targeting":"'nimbus.syncdatastore.fxaButtonVisibility'|preferenceValue|regExpMatch('treatment-b') && !hasAccessedFxAPanel && !usesFirefoxSync && isFxAEnabled == true"},"enabled":true,"featureId":"moments-page"}]},"active":true,"enrollmentId":"fe6b4548-0ebc-4dca-8911-802d33ab6224","experimentType":"rollout","source":"rs-loader","userFacingName":"Firefox Accounts toolbar button badge","userFacingDescription":"This experiment measures the impact of showing the Firefox Accounts toolbar button by default for signed-out users.","lastSeen":"2023-07-09T22:45:54.345Z","featureIds":["moments-page"],"prefs":[],"isRollout":true},"product-insight-telemetry-via-server-knobs-rollout-release":{"slug":"product-insight-telemetry-via-server-knobs-rollout-release","branch":{"slug":"control-rollout","ratio":1,"feature":{"value":{},"enabled":false,"featureId":"this-is-included-for-desktop-pre-95-support"},"features":[{"value":{"gleanMetricConfiguration":{"urlbar.engagement":true,"urlbar.impression":true,"urlbar.abandonment":true}},"enabled":true,"featureId":"glean"}]},"active":true,"enrollmentId":"9cf98b92-f335-401d-be03-6358bb7ac4c8","experimentType":"rollout","source":"rs-loader","userFacingName":"Product Insight Telemetry via Server Knobs - Rollout - Release","userFacingDescription":"Testing out the data and insights capture in the awesome bar.","lastSeen":"2023-07-09T22:45:54.527Z","featureIds":["glean"],"prefs":[],"isRollout":true},"release-experiment-for-additional-metrics-for-product-insights-rollout":{"slug":"release-experiment-for-additional-metrics-for-product-insights-rollout","branch":{"slug":"control-rollout","ratio":1,"feature":{"value":{},"enabled":false,"featureId":"this-is-included-for-desktop-pre-95-support"},"features":[{"value":{"searchEngagementTelemetryEnabled":true},"enabled":true,"featureId":"urlbar"}]},"active":true,"enrollmentId":"8a43c400-430a-4ff7-b6a9-9958a108cf89","experimentType":"rollout","source":"rs-loader","userFacingName":"Release - Experiment for Additional Metrics for Product Insights - Rollout","userFacingDescription":"Testing out the data and insights capture in the awesome bar.","lastSeen":"2023-07-09T22:45:54.568Z","featureIds":["urlbar"],"prefs":[],"isRollout":true}}