{"nextId":2,"logins":[{"id":1,"hostname":"https://yoteachapp.com","httpRealm":null,"formSubmitURL":"https://yoteachapp.com","usernameField":"","passwordField":"","encryptedUsername":"MDIEEPgAAAAAAAAAAAAAAAAAAAEwFAYIKoZIhvcNAwcECJs6PTFwzrMiBAiRmXcD4tn3bw==","encryptedPassword":"MGIEEPgAAAAAAAAAAAAAAAAAAAEwFAYIKoZIhvcNAwcECBZPCW+NjkpUBDieso9w5lPvD85RNcErLbGTXdamyji7ZKcL9FHxjnvt1WqwcVCsOETgCWCgwCg1jJmAW/MYugOoqQ==","guid":"{8ee7f027-974b-48cb-b9aa-29fc5a728c39}","encType":1,"timeCreated":1688943236140,"timeLastUsed":1688943236140,"timePasswordChanged":1688943236140,"timesUsed":1,"encryptedUnknownFields":null}],"potentiallyVulnerablePasswords":[],"dismissedBreachAlertsByLoginGUID":{},"version":3}